state,county,ev_registrations,evs_on_road,ev_share,total_stations,total_ports,level2_ports,dc_fast_ports,public_stations,evs_per_station,evs_per_port,stations_per_1000_evs,total_population,median_household_income,median_age,hispanic_pop,white_non_hispanic_pop,evs_per_1000_pop,stations_per_100k_pop,pct_hispanic,pct_white_non_hispanic,pct_nonwhite,first_station_year,median_station_year,stations_by_2018,stations_by_2020,stations_by_2022,stations_by_2024,stations_total_dated,pct_stations_post_2022,new_stations_2023_2025,station_growth_2020_2024,early_adopter_county
CO,Adams,13738,11862,0.0304,161,464,345,101,158,73.67701863354037,25.564655172413794,13.572753329961222,524408,91387,34.6,221633,242505,22.619792222849384,30.701286021570994,42.26346661378164,46.243573705969396,53.756426294030604,2010,2023,13,27,71,116,161,0.5590062111801242,89,3.2962962962962963,TRUE
CO,Alamosa,98,89,0.0062,11,24,12,12,11,8.090909090909092,3.7083333333333335,123.59550561797752,16515,51445,33.1,7900,7564,5.3890402664244625,66.60611565243718,47.83530124129579,45.800787163184985,54.199212836815015,2019,2021,0,3,6,10,11,0.45454545454545453,5,2.3333333333333335,FALSE
CO,Arapahoe,29620,23118,0.0455,194,609,486,123,181,119.16494845360825,37.960591133004925,8.391729388355394,655709,97215,37.3,138906,369965,35.25649335299653,29.58629514006976,21.184092333641903,56.42213237884488,43.57786762115512,2012,2022,18,40,99,159,192,0.484375,89,2.975,TRUE
CO,Archuleta,171,152,0.0101,6,13,11,2,6,25.333333333333332,11.692307692307692,39.473684210526315,13730,76524,52.2,2255,10611,11.070648215586308,43.69992716678806,16.423889293517842,77.28332119446468,22.716678805535324,2021,2023.5,0,0,1,5,6,0.8333333333333334,5,NA,FALSE
CO,Baca,10,9,0.0025,0,0,0,0,0,NA,NA,0,3460,40380,43,370,2891,2.601156069364162,0,10.69364161849711,83.55491329479769,16.445086705202314,NA,NA,0,0,0,0,0,NA,0,NA,FALSE
CO,Bent,11,12,0.0032999999999999995,1,1,1,0,1,12,12,83.33333333333333,5524,49194,41.7,1780,3021,2.172338884866039,18.102824040550324,32.22302679217958,54.68863142650253,45.31136857349747,2022,2022,0,0,1,1,1,0,0,NA,FALSE
CO,Boulder,27973,22102,0.08460000000000001,363,913,799,111,333,60.887052341597794,24.208105147864185,16.423853044973306,328317,102772,37.5,47948,247322,67.31908490879242,110.56387576640869,14.604178278919457,75.3302448548202,24.669755145179806,2012,2021,48,99,244,313,363,0.3278236914600551,108,2.1616161616161618,TRUE
CO,Broomfield,5390,4441,0.0681,81,183,160,23,81,54.82716049382716,24.26775956284153,18.239135329880657,75110,121025,38.8,10381,54984,59.1266142990281,107.841831979763,13.821062441752098,73.20463320463321,26.79536679536679,2020,2025,0,3,17,35,81,0.7901234567901234,62,10.666666666666666,FALSE
CO,Chaffee,451,426,0.0183,18,60,36,24,18,23.666666666666668,7.1,42.25352112676056,19876,70909,47.6,1933,16802,21.43288388005635,90.5614811833367,9.725296840410545,84.53411149124572,15.465888508754276,2015,2021,4,8,16,16,18,0.1111111111111111,2,1,TRUE
CO,Cheyenne,18,15,0.007799999999999999,1,8,0,8,1,15,1.875,66.66666666666667,1732,67768,43,219,1366,8.660508083140877,57.736720554272516,12.64434180138568,78.86836027713626,21.13163972286374,2025,2025,0,0,0,0,1,1,1,NA,FALSE
CO,Clear Creek,165,126,0.0192,16,45,13,32,15,7.875,2.8,126.98412698412697,9358,96667,49.2,708,8085,13.46441547339175,170.97670442402222,7.565719170762984,86.39666595426372,13.603334045736275,2020,2023,0,2,6,14,16,0.625,10,6,FALSE
CO,Conejos,34,32,0.0037,0,0,0,0,0,NA,NA,0,7536,47209,38.8,3773,3483,4.246284501061571,0,50.06634819532909,46.21815286624204,53.78184713375796,NA,NA,0,0,0,0,0,NA,0,NA,FALSE
CO,Costilla,38,38,0.0077,2,4,4,0,2,19,9.5,52.63157894736842,3571,36519,50.7,1985,1317,10.641276953234389,56.00672080649679,55.58667040044806,36.88042565107813,63.11957434892187,2025,2025,0,0,0,0,2,1,2,NA,FALSE
CO,Crowley,17,17,0.006,0,0,0,0,0,NA,NA,0,5734,47563,39.6,1644,3210,2.9647715381932334,0,28.67108475758633,55.98186257411929,44.01813742588071,NA,NA,0,0,0,0,0,NA,0,NA,FALSE
CO,Custer,84,76,0.011800000000000001,5,8,7,1,5,15.2,9.5,65.78947368421052,5073,72700,58.6,92,4723,14.9812734082397,98.56100926473486,1.8135225704711218,93.10072935146856,6.8992706485314415,2021,2024,0,0,2,3,5,0.6,3,NA,FALSE
CO,Delta,321,295,0.009000000000000001,13,20,13,7,12,22.692307692307693,14.75,44.06779661016949,31353,58330,48.4,4460,25243,9.408987975632314,41.46333684176953,14.225114024176314,80.51223168436832,19.487768315631683,2015,2024,3,5,5,12,13,0.6153846153846154,8,1.4,TRUE
CO,Denver,45282,31404,0.06359999999999999,450,1641,1402,202,423,69.78666666666666,19.137111517367458,14.329384791746275,713734,91681,35.2,199425,389451,43.999585279670015,63.04869881496468,27.941081691498514,54.5652862270818,45.4347137729182,2010,2022.5,49,111,223,348,446,0.5,196,2.135135135135135,TRUE
CO,Dolores,20,20,0.009000000000000001,1,1,1,0,1,20,20,50,2385,70490,57.2,296,1870,8.385744234800839,41.92872117400419,12.41090146750524,78.40670859538784,21.59329140461216,2016,2016,1,1,1,1,1,0,0,0,TRUE
CO,Douglas,28896,22500,0.0652,96,317,233,82,91,234.375,70.97791798107255,4.266666666666667,368283,145737,39.5,36431,288358,61.09432148646557,26.06691050089198,9.892121004770788,78.29793935641885,21.70206064358115,2012,2023,11,17,38,63,96,0.6041666666666666,53,2.7058823529411766,TRUE
CO,Eagle,2638,1947,0.0349,129,281,245,36,125,15.093023255813954,6.9288256227758005,66.2557781201849,55374,103174,39.3,16729,34931,35.160905840286055,232.96131758587063,30.210929317007984,63.081951818543004,36.918048181456996,2014,2022,19,35,78,125,129,0.3953488372093023,51,2.5714285714285716,TRUE
CO,El Paso,22624,17845,0.0295,129,387,294,92,117,138.33333333333334,46.111111111111114,7.228915662650603,736008,87470,35,134942,488925,24.245660373256815,17.526983402354322,18.334311583569743,66.42930511624874,33.57069488375126,2012,2023,18,31,62,102,129,0.5193798449612403,63,2.2903225806451615,TRUE
CO,Elbert,626,535,0.023099999999999996,2,4,4,0,2,267.5,133.75,3.7383177570093458,27152,129477,44.8,2337,22697,19.703889216263995,7.365939893930466,8.607100766057748,83.59236888626988,16.40763111373012,2023,2023,0,0,0,2,2,1,2,NA,FALSE
CO,Fremont,375,329,0.0082,13,33,19,11,11,25.307692307692307,9.969696969696969,39.51367781155015,49394,61027,44.9,6399,38759,6.660728023646597,26.318986111673482,12.955014779122969,78.46904482325789,21.53095517674211,2021,2023,0,0,3,9,10,0.7,7,NA,FALSE
CO,Garfield,1994,1671,0.0249,69,162,119,43,67,24.217391304347824,10.314814814814815,41.29263913824058,62034,86172,37.2,19867,38810,26.93684108714576,111.22932585356418,32.025985749750134,62.56246574459168,37.43753425540832,2013,2023,13,23,32,62,69,0.5362318840579711,36,1.6956521739130435,TRUE
CO,Gilpin,245,194,0.028299999999999995,39,113,111,2,38,4.9743589743589745,1.7168141592920354,201.03092783505156,5877,88654,48.7,413,4999,33.010039135613404,663.6038795303726,7.027394929385741,85.06040496852135,14.939595031478646,2017,2025,2,2,4,16,39,0.8974358974358975,35,7,TRUE
CO,Grand,493,424,0.022600000000000002,20,58,44,14,20,21.2,7.310344827586207,47.16981132075472,15794,84558,45.5,1573,12439,26.845637583892618,126.63036596175763,9.959478282892238,78.75775610991515,21.24224389008485,2015,2021.5,5,8,13,18,20,0.35,7,1.25,TRUE
CO,Gunnison,347,293,0.016700000000000003,22,52,48,4,22,13.318181818181818,5.634615384615385,75.08532423208192,17158,77358,37,1691,14525,17.07658235225551,128.2200722694953,9.85546100944166,84.65438862338269,15.345611376617313,2016,2021,6,8,17,22,22,0.22727272727272727,5,1.75,TRUE
CO,Hinsdale,10,5,0.0046,3,5,4,1,3,1.6666666666666667,1,600,939,64327,54.8,29,806,5.324813631522897,319.4888178913738,3.08839190628328,85.8359957401491,14.164004259850898,2012,2020,1,2,2,3,3,0.3333333333333333,1,0.5,TRUE
CO,Huerfano,76,75,0.0103,3,7,4,3,3,25,10.714285714285714,40,6946,52139,55.1,2141,4434,10.797581341779441,43.190325367117765,30.82349553699971,63.83530089260005,36.16469910739995,2019,2021,0,1,2,3,3,0.3333333333333333,1,2,FALSE
CO,Jackson,11,9,0.0048000000000000004,0,0,0,0,0,NA,NA,0,1422,41809,51.5,189,1199,6.329113924050633,0,13.291139240506327,84.31786216596343,15.682137834036567,NA,NA,0,0,0,0,0,NA,0,NA,FALSE
CO,Jefferson,29103,23444,0.046799999999999994,194,685,515,150,169,120.84536082474227,34.22481751824817,8.275038389353352,579715,107800,40.4,92162,440240,40.44056131029903,33.464719732972235,15.897811855825708,75.94076399610154,24.059236003898462,2012,2023,15,44,84,124,192,0.5625,101,1.8181818181818181,TRUE
CO,Kiowa,19,10,0.0063,0,0,0,0,0,NA,NA,0,1356,56389,43.9,133,1196,7.374631268436578,0,9.808259587020649,88.20058997050147,11.799410029498532,NA,NA,0,0,0,0,0,NA,0,NA,FALSE
CO,Kit Carson,34,23,0.0031,8,20,2,18,8,2.875,1.15,347.82608695652175,7015,59810,39,1383,5305,3.278688524590164,114.04133998574484,19.714896650035637,75.62366357804704,24.376336421952956,2016,2023,1,1,2,7,8,0.75,6,6,TRUE
CO,La Plata,1372,1159,0.022099999999999998,50,109,85,24,48,23.18,10.63302752293578,43.14063848144953,56088,85296,42.3,7149,42940,20.663956639566397,89.14562829838825,12.746041934103552,76.55826558265582,23.44173441734418,2012,2023,5,9,23,37,50,0.54,27,3.111111111111111,TRUE
CO,Lake,115,110,0.0129,4,6,5,1,4,27.5,18.333333333333332,36.36363636363636,7411,93655,36.9,2606,4248,14.842801241397922,53.973822695992446,35.163945486439076,57.32019970314397,42.67980029685603,2014,2021.5,1,1,3,4,4,0.25,1,3,TRUE
CO,Larimer,15362,12783,0.044300000000000006,206,523,476,45,189,62.05339805825243,24.44168260038241,16.11515293749511,363561,91364,36.6,46167,290514,35.160537021297664,56.661743146267064,12.698556775891804,79.90791091453704,20.09208908546296,2011,2023,34,62,101,150,206,0.5097087378640777,93,1.4193548387096775,TRUE
CO,Las Animas,93,93,0.006999999999999999,6,24,11,13,5,15.5,3.875,64.51612903225806,14392,50408,46.5,5614,7833,6.461923290717064,41.68982768204558,39.007782101167315,54.4260700389105,45.5739299610895,2015,2019.5,1,4,5,6,6,0.16666666666666666,1,0.5,TRUE
CO,Lincoln,28,23,0.005,4,35,0,35,4,5.75,0.6571428571428571,173.91304347826087,5561,54257,40.7,827,4183,4.13594677216328,71.92950908110052,14.871426002517532,75.22028412156087,24.779715878439134,2014,2023.5,1,1,2,2,4,0.5,2,1,TRUE
CO,Logan,130,111,0.0062,4,12,2,10,4,27.75,9.25,36.03603603603604,21067,55074,39.1,3530,16070,5.268903973038402,18.987041344282527,16.75606398632933,76.28043860065506,23.71956139934494,2022,2023,0,0,1,3,4,0.75,3,NA,FALSE
CO,Mesa,2484,2083,0.015,84,179,130,49,78,24.797619047619047,11.636871508379889,40.32645223235718,157316,71485,40.8,23957,124328,13.240865519082611,53.395713087035006,15.228584505072593,79.03074067482011,20.96925932517989,2012,2023,9,16,30,51,84,0.6428571428571429,54,2.1875,TRUE
CO,Mineral,12,7,0.005,3,5,4,1,3,2.3333333333333335,1.4,428.57142857142856,799,52455,53.7,19,719,8.760951188986233,375.4693366708385,2.3779724655819776,89.98748435544431,10.012515644555691,2021,2021,0,0,3,3,3,0,0,NA,FALSE
CO,Moffat,51,41,0.0034,9,21,4,16,8,4.555555555555555,1.9523809523809523,219.5121951219512,13258,70975,37.9,2178,10188,3.092472469452406,67.88354201236989,16.427817166993513,76.84416955800272,23.15583044199728,2019,2023,0,1,2,7,9,0.7777777777777778,7,6,FALSE
CO,Montezuma,236,214,0.009000000000000001,6,18,10,8,6,35.666666666666664,11.88888888888889,28.037383177570092,26204,63005,44.5,3243,18687,8.166692108075102,22.897267592733932,12.37597313387269,71.31353991756984,28.68646008243016,2015,2020.5,2,3,4,4,6,0.3333333333333333,2,0.3333333333333333,TRUE
CO,Montrose,530,472,0.0108,15,48,21,27,12,31.466666666666665,9.833333333333334,31.779661016949152,43272,66072,45.7,9195,32028,10.90774634867813,34.66444814198558,21.24930671103716,74.01552967276761,25.984470327232387,2014,2023,3,4,7,13,15,0.5333333333333333,8,2.25,TRUE
CO,Morgan,237,210,0.0072,4,18,6,12,4,52.5,11.666666666666666,19.04761904761905,29186,75407,36.9,10918,16373,7.195230590008909,13.705201123826493,37.40834646748441,56.09881450010279,43.90118549989721,2019,2022.5,0,1,2,4,4,0.5,2,3,FALSE
CO,Otero,82,74,0.0044,8,15,10,5,8,9.25,4.933333333333334,108.10810810810811,18460,54897,40.9,7698,9627,4.008667388949079,43.33694474539545,41.70097508125677,52.150595882990245,47.849404117009755,2020,2022,0,1,5,8,8,0.375,3,7,FALSE
CO,Ouray,198,152,0.028099999999999997,9,16,14,2,9,16.88888888888889,9.5,59.21052631578947,5024,84556,55.6,238,4489,30.254777070063696,179.14012738853503,4.737261146496816,89.35111464968153,10.648885350318466,2017,2021,2,2,5,8,9,0.4444444444444444,4,3,TRUE
CO,Park,417,302,0.0154,5,7,3,4,5,60.4,43.142857142857146,16.55629139072848,17739,95450,51.7,1315,15393,17.024634985061166,28.1864817633463,7.413044703760077,86.77490275663791,13.225097243362086,2018,2023,1,1,1,5,5,0.8,4,4,TRUE
CO,Phillips,40,35,0.0070999999999999995,2,6,6,0,2,17.5,5.833333333333333,57.14285714285714,4491,60372,40.3,1214,3207,7.79336450679136,44.533511467379206,27.031841460699173,71.40948563794255,28.590514362057448,2022,2023,0,0,1,2,2,0.5,1,NA,FALSE
CO,Pitkin,1250,861,0.050499999999999996,57,141,124,17,50,15.105263157894736,6.1063829787234045,66.20209059233449,17119,100318,47.3,1904,13778,50.29499386646416,332.96337402885683,11.122144985104269,80.48367311174718,19.51632688825282,2014,2022,13,15,31,47,57,0.45614035087719296,26,2.1333333333333333,TRUE
CO,Prowers,42,38,0.0034,5,15,3,12,5,7.6,2.533333333333333,131.57894736842104,11931,57601,38.5,4750,6679,3.1849803034112814,41.90763557120108,39.812253792641016,55.98021959601039,44.01978040398961,2022,2023,0,0,2,5,5,0.6,3,NA,FALSE
CO,Pueblo,2192,1847,0.0134,41,99,64,35,38,45.048780487804876,18.656565656565657,22.198159177043856,168726,62250,40.4,70812,87111,10.946742055166364,24.299752261062313,41.9686355392767,51.62867607837559,48.37132392162441,2012,2023,5,12,19,33,41,0.5365853658536586,22,1.75,TRUE
CO,Rio Blanco,20,19,0.0032999999999999995,2,3,2,1,2,9.5,6.333333333333333,105.26315789473684,6518,72620,39.1,685,5370,2.915004602638846,30.684258975145752,10.50935869898742,82.38723534826634,17.612764651733656,2019,2020,0,1,2,2,2,0,0,1,FALSE
CO,Rio Grande,71,71,0.0059,10,22,10,12,10,7.1,3.227272727272727,140.84507042253523,11394,62166,43.2,4630,6284,6.2313498332455675,87.7654906090925,40.63542215200983,55.151834298753734,44.848165701246266,2017,2024,1,2,4,10,10,0.6,6,4,TRUE
CO,Routt,741,668,0.0252,35,76,68,8,35,19.085714285714285,8.789473684210526,52.39520958083832,24990,104803,42.6,2180,20351,26.730692276910766,140.0560224089636,8.723489395758303,81.43657462985195,18.563425370148053,2015,2023,5,8,13,25,35,0.6285714285714286,22,2.125,TRUE
CO,Saguache,94,76,0.0106,3,9,5,4,3,25.333333333333332,8.444444444444445,39.473684210526315,6511,54283,49.8,2404,3652,11.672554139149133,46.07587160190447,36.922131776992785,56.08969436338504,43.91030563661496,2019,2022,0,1,2,3,3,0.3333333333333333,1,2,FALSE
CO,San Juan,8,10,0.011000000000000001,2,8,8,0,2,5,1.25,200,690,73889,42.2,112,544,14.492753623188406,289.8550724637681,16.231884057971012,78.84057971014494,21.159420289855063,2017,2017,1,1,1,1,1,0,0,0,TRUE
CO,San Miguel,356,266,0.03,17,48,40,8,14,15.647058823529411,5.541666666666667,63.909774436090224,8026,80117,42.7,906,6790,33.14228756541241,211.8116122601545,11.28831298280588,84.60004983802641,15.399950161973592,2014,2022,6,7,11,14,17,0.35294117647058826,6,1,TRUE
CO,Sedgwick,8,8,0.0032999999999999995,0,0,0,0,0,NA,NA,0,2346,52833,42.9,437,1769,3.4100596760443307,0,18.627450980392158,75.40494458653026,24.595055413469737,NA,NA,0,0,0,0,0,NA,0,NA,FALSE
CO,Summit,1569,1260,0.0371,99,238,188,50,99,12.727272727272727,5.294117647058823,78.57142857142857,30857,106255,39.2,5218,23120,40.83352237741841,320.83481867971614,16.910263473442004,74.92627280681855,25.073727193181455,2013,2021,6,16,69,91,99,0.30303030303030304,30,4.6875,TRUE
CO,Teller,491,385,0.0143,12,21,19,2,12,32.083333333333336,18.333333333333332,31.16883116883117,24774,80666,52,1831,20922,15.540485993380157,48.43787842092516,7.390812949059498,84.45144102688302,15.548558973116982,2015,2021.5,4,6,6,9,12,0.5,6,0.5,TRUE
CO,Washington,20,19,0.0041,2,3,2,1,2,9.5,6.333333333333333,105.26315789473684,4839,65164,41.2,548,4101,3.9264310808018186,41.33085348212441,11.324653854102088,84.7489150650961,15.2510849349039,2021,2021,0,0,2,2,2,0,0,NA,FALSE
CO,Weld,10878,9049,0.03,77,177,114,63,65,117.51948051948052,51.124293785310734,8.50922753895458,340711,93287,35.2,103804,214808,26.559165979378417,22.599798656339246,30.46687661977453,63.04698116585611,36.95301883414389,2012,2022,12,17,41,65,77,0.4675324675324675,34,2.823529411764706,TRUE
CO,Yuma,43,37,0.0037,1,2,2,0,1,37,18.5,27.027027027027028,9921,60051,39.6,2862,6768,3.7294627557705877,10.079629069650236,28.847898397338977,68.2189295433928,31.781070456607196,2025,2025,0,0,0,0,1,1,1,NA,FALSE
CT,Fairfield,22200,22200,NA,281,1093,836,255,245,79.00355871886121,20.31107044830741,12.657657657657658,3790112,105844,40.75,835596,2181440,5.857346695823237,7.414028925794277,22.046736349743753,57.55608277539028,42.44391722460972,2011,2023,52,74,118,235,279,0.5770609318996416,156,2.175675675675676,TRUE
CT,Hartford,11885,11885,NA,516,1691,1441,232,461,23.032945736434108,7.028385570668243,43.416070677324356,3876116,91541,40.2,673756,2361924,3.0662137046466102,13.31229509127178,17.382245526191685,60.93532804487791,39.06467195512209,2011,2023,71,82,138,426,515,0.7320388349514563,348,4.195121951219512,TRUE
CT,Litchfield,2186,2186,NA,58,133,112,21,51,37.689655172413794,16.43609022556391,26.532479414455626,451392,91035,47.1,37768,373220,4.842797391181057,12.849142208989083,8.36700694739827,82.68201474549836,17.317985254501636,2011,2023,7,13,19,45,57,0.6666666666666666,37,2.4615384615384617,TRUE
CT,Middlesex,2731,2731,NA,82,251,231,19,78,33.30487804878049,10.880478087649402,30.02563163676309,699932,101117,45.8,52124,560224,3.901807604167262,11.715423784024734,7.447009138030551,80.03977529245698,19.96022470754302,2011,2023,13,19,31,71,82,0.6219512195121951,50,2.736842105263158,TRUE
CT,New Haven,10827,10827,NA,520,1497,1314,177,494,20.821153846153845,7.232464929859719,48.02807795326498,4076424,86315.5,41.05,780308,2456092,2.656004380309801,12.756278542173238,19.141973455165605,60.25114168692952,39.74885831307048,2010,2023,53,74,120,397,520,0.7692307692307693,398,4.364864864864865,TRUE
CT,New London,2374,2374,NA,176,498,390,60,149,13.488636363636363,4.767068273092369,74.13647851727043,1116100,84185,41,163764,796008,2.127049547531583,15.7691963085745,14.672878774303378,71.32049099543052,28.679509004569482,2011,2023.5,30,46,72,151,176,0.5909090909090909,101,2.282608695652174,TRUE
CT,Tolland,1954,1954,NA,0,0,0,0,0,NA,NA,0,NA,NA,NA,NA,NA,NA,NA,NA,NA,NA,NA,NA,0,0,0,0,0,NA,0,NA,FALSE
CT,Windham,672,672,NA,31,61,53,8,30,21.677419354838708,11.01639344262295,46.13095238095239,383316,87564,43.9,19356,334212,1.7531227498982562,8.087322209352076,5.049619634974799,87.18968162038632,12.810318379613676,2010,2024,3,3,9,24,31,0.7096774193548387,22,7,TRUE
WA,Adams,122,122,NA,11,39,10,29,11,11.090909090909092,3.128205128205128,90.16393442622952,20690,65042,29.2,13255,6640,5.8965683905268245,53.165780570323825,64.06476558724022,32.09279845335911,67.90720154664089,2014,2024.5,2,3,4,5,10,0.6,6,0.6666666666666666,TRUE
WA,Asotin,110,110,NA,4,10,4,6,4,27.5,11,36.36363636363636,22424,69107,45.5,996,19650,4.905458437388512,17.83803068141277,4.4416696396717805,87.62932572244024,12.370674277559758,2023,2024,0,0,0,3,4,1,4,NA,FALSE
WA,Benton,3987,3987,NA,113,278,171,50,58,35.283185840707965,14.341726618705035,28.34211186355656,210224,87316,36.2,52111,138200,18.965484435649593,53.752188142172166,24.78832102899764,65.73940178095745,34.26059821904255,2014,2023,7,9,54,62,113,0.5221238938053098,41,5.888888888888889,TRUE
WA,Chelan,1775,1775,NA,54,154,92,51,49,32.870370370370374,11.525974025974026,30.422535211267604,79518,78306,40.4,22604,52671,22.32198998968787,67.90915264468423,28.426268266304483,66.23783294348449,33.76216705651551,2012,2020,17,28,31,38,54,0.42592592592592593,23,0.35714285714285715,TRUE
WA,Clallam,1670,1670,NA,37,86,59,27,35,45.13513513513514,19.41860465116279,22.15568862275449,77593,67999,51.8,5095,62668,21.5225600247445,47.68471382727824,6.566313971621152,80.76501746291547,19.234982537084534,2013,2021,15,18,21,33,37,0.43243243243243246,16,0.8333333333333334,TRUE
WA,Clark,17206,17206,NA,146,439,320,117,140,117.84931506849315,39.193621867881546,8.485412065558528,510516,94948,38.9,61186,375468,33.70315523901308,28.598516011251363,11.985128771674148,73.5467644500858,26.453235549914197,2011,2023,8,16,50,96,145,0.6551724137931034,69,5,TRUE
WA,Columbia,25,25,NA,2,5,4,1,2,12.5,5,80,3996,71528,52.1,327,3256,6.256256256256257,50.05005005005005,8.183183183183184,81.48148148148148,18.51851851851852,2018,2019.5,1,1,2,2,2,0,0,1,TRUE
WA,Cowlitz,1482,1482,NA,11,37,10,27,10,134.72727272727272,40.054054054054056,7.422402159244264,111539,72932,41.1,11367,89902,13.28683240839527,9.862021355758971,10.19105425008293,80.60140399322209,19.398596006777908,2012,2020,4,6,9,11,11,0.18181818181818182,2,0.8333333333333334,TRUE
WA,Douglas,624,624,NA,7,13,4,9,7,89.14285714285714,48,11.217948717948717,43733,80374,38.4,15162,25892,14.268401435986554,16.006219559600304,34.66947156609426,59.20471954816728,40.79528045183272,2010,2023,1,1,1,7,7,0.8571428571428571,6,6,TRUE
WA,Ferry,52,52,NA,4,10,6,4,3,13,5.2,76.92307692307693,7326,54650,52.8,240,5319,7.098007098007098,54.600054600054605,3.276003276003276,72.60442260442261,27.39557739557739,2025,2025,0,0,0,0,4,1,4,NA,FALSE
WA,Franklin,1196,1196,NA,26,200,184,16,21,46,5.98,21.73913043478261,97676,82755,30.8,53485,36844,12.244563659445515,26.61861665096851,54.757565829886566,37.720627380318604,62.279372619681396,2011,2024,3,4,8,14,26,0.6923076923076923,17,2.5,TRUE
WA,Garfield,5,5,NA,0,0,0,0,0,NA,NA,0,2326,62411,52.6,83,2082,2.1496130696474633,0,3.568357695614789,89.50988822012039,10.490111779879612,NA,NA,0,0,0,0,0,NA,0,NA,FALSE
WA,Grant,1123,1123,NA,16,70,23,46,15,70.1875,16.042857142857144,14.247551202137132,100428,71115,33.5,43512,50182,11.182140438921417,15.931811845302109,43.32656231329908,49.968136376309396,50.031863623690604,2015,2021.5,4,5,9,12,16,0.4375,6,1.4,TRUE
WA,Grays Harbor,1069,1069,NA,26,79,45,34,22,41.11538461538461,13.531645569620252,24.321796071094482,76397,63539,44.7,8262,59034,13.992696048274148,34.032749977093346,10.814560781182507,77.27266777491263,22.727332225087366,2017,2022,8,8,14,19,26,0.46153846153846156,11,1.375,TRUE
WA,Island,3062,3062,NA,16,34,34,0,12,191.375,90.05882352941177,5.225342913128674,86747,88358,44.5,7384,66449,35.29805065304852,18.444441882716404,8.51210992887362,76.6009199165389,23.3990800834611,2015,2022,3,5,9,14,16,0.4375,7,1.8,TRUE
WA,Jefferson,1481,1481,NA,18,49,40,8,15,82.27777777777777,30.224489795918366,12.153950033760971,33313,71143,59.5,1415,28414,44.45711884249392,54.03296010566446,4.247591030528622,85.29402935790831,14.705970642091685,2012,2023,3,4,6,13,16,0.625,9,2.25,TRUE
WA,King,138130,138130,NA,1448,4105,3580,525,1394,95.39364640883979,33.649208282582215,10.482878447838992,2262713,122148,37.3,245320,1229507,61.046186591052425,63.99397537381011,10.84185223667341,54.33773527619278,45.66226472380722,2008,2023,175,286,719,1210,1441,0.5010409437890354,660,3.230769230769231,TRUE
WA,Kitsap,9486,9486,NA,83,273,150,68,55,114.28915662650603,34.747252747252745,8.749736453721273,276581,98546,39.9,25018,203638,34.297366775013465,30.009292033798417,9.045451422910467,73.62689411058605,26.37310588941395,2011,2023,11,28,36,56,83,0.5662650602409639,44,1,TRUE
WA,Kittitas,1080,1080,NA,18,100,37,63,18,60,10.8,16.666666666666668,44736,69928,37.9,4626,35688,24.141630901287552,40.23605150214592,10.340665236051501,79.77467811158799,20.22532188841201,2013,2023,4,6,8,14,17,0.5294117647058824,7,1.3333333333333333,TRUE
WA,Klickitat,483,483,NA,8,11,9,2,8,60.375,43.90909090909091,16.563146997929607,23082,70400,47.5,2981,18233,20.925396412789187,34.65904167749762,12.914825405077549,78.99228836322676,21.007711636773237,2021,2023,0,0,3,6,8,0.625,5,NA,FALSE
WA,Lewis,1279,1279,NA,30,72,20,52,30,42.63333333333333,17.76388888888889,23.455824863174357,83925,69690,42.4,9408,67642,15.239797438188859,35.746201966041106,11.210008936550492,80.59815311289842,19.401846887101584,2012,2023,3,3,7,27,30,0.7666666666666667,23,8,TRUE
WA,Lincoln,88,88,NA,3,6,5,1,3,29.333333333333332,14.666666666666666,34.090909090909086,11271,71227,46.9,447,10055,7.8076479460562505,26.616981634282673,3.965930263508118,89.21125011090409,10.78874988909591,2016,2022,1,1,2,3,3,0.3333333333333333,1,2,TRUE
WA,Mason,1411,1411,NA,11,22,22,0,10,128.27272727272728,64.13636363636364,7.7958894401133945,66968,78359,44.8,8128,50737,21.069764663719987,16.4257555847569,12.137140126627644,75.76305100943735,24.236948990562652,2015,2022,2,2,7,8,11,0.36363636363636365,1,3,TRUE
WA,Okanogan,425,425,NA,16,41,21,17,14,26.5625,10.365853658536585,37.647058823529406,42811,60293,43.4,8676,27189,9.92735511901147,37.37357221274906,20.265819532363178,63.50937843077714,36.49062156922286,2013,2019.5,8,8,10,14,16,0.375,6,0.75,TRUE
WA,Pacific,350,350,NA,9,25,25,0,9,38.888888888888886,14,25.714285714285715,23750,62350,54.9,2313,18989,14.736842105263158,37.89473684210527,9.738947368421053,79.95368421052632,20.04631578947368,2015,2025,2,2,2,4,9,0.7777777777777778,7,1,TRUE
WA,Pend Oreille,109,109,NA,5,28,8,20,5,21.8,3.892857142857143,45.87155963302752,13811,63750,50,521,11807,7.892259792918688,36.2030265730215,3.7723553689088405,85.48982694953298,14.510173050467017,2020,2025,0,1,1,2,5,0.8,4,1,FALSE
WA,Pierce,22906,22906,NA,180,608,442,152,165,127.25555555555556,37.67434210526316,7.858203090893216,924106,96632,36.8,115594,577336,24.78719973682673,19.47828495865193,12.50873817505784,62.47508402715706,37.52491597284294,2011,2023,27,45,89,134,180,0.5055555555555555,83,1.9777777777777779,TRUE
WA,San Juan,1292,1292,NA,21,39,35,2,20,61.523809523809526,33.12820512820513,16.25386996904025,18266,83682,56.7,1364,15725,70.73250848571115,114.9676995510785,7.467425818460528,86.0889083543195,13.9110916456805,2015,2018.5,10,13,16,19,20,0.2,4,0.46153846153846156,TRUE
WA,Skagit,3303,3303,NA,45,211,140,69,43,73.4,15.654028436018958,13.623978201634877,130407,85474,41.9,24646,93511,25.32839494812395,34.50735006556397,18.899292215908655,71.70704026624337,28.292959733756632,2012,2021.5,9,15,29,39,44,0.3409090909090909,15,1.6,TRUE
WA,Skamania,273,273,NA,3,18,17,1,3,91,15.166666666666666,10.989010989010989,12276,90085,48.6,807,10303,22.238514173998045,24.437927663734115,6.5738025415444765,83.92798957315087,16.072010426849133,2015,2024,1,1,1,2,3,0.6666666666666666,2,1,TRUE
WA,Snohomish,34919,34919,NA,143,462,240,222,137,244.1888111888112,75.58225108225108,4.095191729430969,834648,107982,38.4,98816,531121,41.836798267053894,17.1329710249111,11.839242411172135,63.634130795257406,36.365869204742594,2012,2023,11,36,69,112,143,0.5174825174825175,73,2.111111111111111,TRUE
WA,Spokane,7834,7834,NA,204,525,429,95,200,38.40196078431372,14.921904761904761,26.040336992596373,544323,73513,38.2,37356,444020,14.392189931345909,37.47774758737,6.8628369552636945,81.57288962619621,18.427110373803785,2010,2024,17,30,52,114,203,0.7438423645320197,139,2.8,TRUE
WA,Stevens,368,368,NA,11,31,15,16,11,33.45454545454545,11.870967741935484,29.89130434782609,47470,67405,46.8,1904,40312,7.752264588160943,23.172530018959343,4.010954286918054,84.92100273857173,15.07899726142827,2024,2025,0,0,0,4,11,1,11,NA,FALSE
WA,Thurston,10134,10134,NA,103,284,163,121,95,98.3883495145631,35.683098591549296,10.163805012828103,296640,93985,39.8,30528,209556,34.1626213592233,34.72222222222222,10.29126213592233,70.64320388349515,29.356796116504853,2011,2024,12,22,38,61,103,0.6310679611650486,59,1.7727272727272727,TRUE
WA,Wahkiakum,97,97,NA,2,2,1,1,2,48.5,48.5,20.61855670103093,4573,57091,54.8,281,3842,21.211458561119613,43.73496610540127,6.144762737808878,84.01486988847584,15.985130111524157,2018,2020.5,1,1,1,2,2,0.5,1,1,TRUE
WA,Walla Walla,784,784,NA,30,81,72,9,29,26.133333333333333,9.679012345679013,38.26530612244898,62102,72212,38.3,14538,42505,12.624392129077968,48.30762294290039,23.409874078129526,68.44385043959937,31.556149560400627,2012,2020,8,15,17,25,29,0.41379310344827586,11,0.6666666666666666,TRUE
WA,Whatcom,6829,6829,NA,107,242,168,72,102,63.822429906542055,28.21900826446281,15.668472689998536,228432,80989,38.2,23662,173866,29.895111017720808,46.84107305456328,10.358443650626882,76.11280381032431,23.88719618967569,2012,2024,11,18,28,74,107,0.7383177570093458,77,3.111111111111111,TRUE
WA,Whitman,564,564,NA,23,57,44,13,22,24.52173913043478,9.894736842105264,40.780141843971634,47042,52893,26.1,3783,34698,11.989286169805705,48.892479061264396,8.0417499255984,73.75961906381532,26.24038093618468,2016,2024,5,6,7,15,23,0.6956521739130435,13,1.5,TRUE
WA,Yakima,1948,1948,NA,48,127,80,46,43,40.583333333333336,15.338582677165354,24.640657084188913,256605,68015,33.2,132408,102978,7.591434305644863,18.70579295025428,51.599929853276436,40.13094055065178,59.86905944934822,2011,2022.5,6,10,24,33,48,0.5,18,2.3,TRUE
